Experiment,Genotype,AllReversals_Length,AllReversals_Speed,AllReversals_Duration,ReversalOmegas_Length,ReversalOmegas_Speed,ReversalOmegas_Duration,PureReversals_Length,PureReversals_Speed,PureReversals_Duration,ForwardRuns_Speed,ForwardRuns_Duration,EventsPerAnimalPerMin_AllReversals,EventsPerAnimalPerMin_ReversalOmegas,EventsPerAnimalPerMin_PureReversals,EventsPerAnimalPerMin_LongReversals,EventsPerAnimalPerMin_ShortReversals,EventsPerAnimalPerMin_ForwardRuns,EventsPerAnimalPerMin_Pauses
RIMHisCl_tdc-1mutant,RIMHisCl_HIS,0.0447052344679832,0.0646286979317665,2.33334350585938,0.232431858778,0.110126152634621,2.33334350585938,0.0447052344679832,0.0646286979317665,1,0.195363968610764,86.6666564941406,0,0,0,0,0,0.2,0
,,0.263947993516922,0.215112000703812,1,0.0399233251810074,0.0568286888301373,2.66665649414062,0.263947993516922,0.215112000703812,1,0.148166388273239,89.6666564941406,0.4,0,0.2,0,0.4,0.6,0
,,1.08149540424347,0.153745591640472,6.33334350585938,0.194498836994171,0.0787924155592918,2.33334350585938,0.250002145767212,0.197419628500938,1,0.199977964162827,26.3333435058594,0,0,0,0,0,0.6,0.4
,,0.150349944829941,0.153895631432533,1,0.0425059460103512,0.0902475416660309,2.33334350585938,0.150349944829941,0.153895631432533,1,0.147760152816772,41.3333435058594,0.8,0.2,0.6,0,0.8,2.4,0.6
,,0.0925623700022697,0.0600820034742355,2.66668701171875,0.98465770483017,0.156213581562042,7.33334350585938,0.186700865626335,0.149706169962883,3.33334350585938,0.169806659221649,31,0,0,0,0,0,2.4,1.6
,,0.232431858778,0.110126152634621,2.33334350585938,0.11510194092989,0.0528922788798809,4,0.13392861187458,0.0708906278014183,1,0.209649294614792,103.66667175293,0.4,0,0.2,0.2,0.2,2.4,0
,,0.186700865626335,0.149706169962883,1,0.107412740588188,0.110626451671124,2.66668701171875,0.15386275947094,0.131908252835274,1,0.19201785326004,2.66668701171875,0.2,0,0.2,0,0.2,0.8,0
,,0.113943755626678,0.0595114640891552,3,0.343095362186432,0.0431172847747803,7.33334350585938,0.201376155018806,0.180068373680115,4.66667175292969,0.0950024724006653,72.0000152587891,0.2,0,0,0,0.2,0.4,0.2
,,0.13392861187458,0.0708906278014183,3.33334350585938,0.254749208688736,0.104656703770161,1.66665649414062,0.385337829589844,0.0768026188015938,2.66665649414062,0.180924385786057,3.66665649414062,0.2,0.2,0,0,0.2,1.2,0
,,0.15386275947094,0.131908252835274,1,0.0489307641983032,0.0621670335531235,3.66665649414062,0.796168088912964,0.250825792551041,21.6666870117188,0.012762313708663,2.66665649414062,0.4,0.2,0.2,0,0.4,1.8,0
,,0.201376155018806,0.180068373680115,1,0.0579623132944107,0.0412239395081997,2.33334350585938,2.07647037506104,0.141756117343903,1,0.0835803747177124,49.6666870117188,0,0,0,0,0,1.4,1.2
,,0.0399233251810074,0.0568286888301373,2.66665649414062,0.1168033182621,0.0528809167444706,2,0.21003545820713,0.175324946641922,1,0.156237736344337,6.33334350585938,0.2,0,0,0,0.2,0.4,0.2
,,0.385337829589844,0.0768026188015938,4.66667175292969,0.12670211493969,0.0819331258535385,3.66665649414062,0.344278603792191,0.25851958990097,1,0.21923902630806,20,0,0,0,0,0,0.2,0
,,0.194498836994171,0.0787924155592918,2.33334350585938,0.119035936892033,0.12352754175663,2.66668701171875,0.258458584547043,0.235685080289841,1,0.0871484875679016,14.6666564941406,0.2,0,0.2,0,0.2,0.2,0
,,0.796168088912964,0.250825792551041,2.66665649414062,0.26350736618042,0.113005742430687,3.33331298828125,0.234255611896515,0.20556478202343,1,0.017433475703001,78,0,0,0,0,0,4.4,4
,,0.024352740496397,0.0485530644655228,3,0.160900086164474,0.0616835132241249,6.66665649414062,0.24787326157093,0.199857667088509,5.66667175292969,0.129038095474243,29.3333435058594,0,0,0,0,0,0.6,0
,,0.21003545820713,0.175324946641922,1,0.398783773183823,0.0816959217190742,5,0.114422902464867,0.0410710647702217,2.33332824707031,0.0752291828393936,48.3333129882812,0,0,0,0,0,1.4,0.4
,,0.344278603792191,0.25851958990097,1,0.0921696722507477,0.0286928471177816,5,0.405128091573715,0.156875491142273,3,0.0424843244254589,28.6666564941406,0,0,0,0,0,1,0
,,0.0425059460103512,0.0902475416660309,2.33334350585938,1.03420460224152,0.129618808627129,8,0.0537165738642216,0.020187484100461,1,0.162737667560577,31,0.4,0,0.4,0,0.4,1.8,0.2
,,0.401590168476105,0.122372910380363,3,0.246502161026001,0.0584165453910828,3.66668701171875,0.163798898458481,0.142830550670624,2.33331298828125,0.192573130130768,11,0.4,0.2,0.2,0.4,0.2,2.4,0
,,0.258458584547043,0.235685080289841,1,0.637799620628357,0.149983286857605,4.66665649414062,0.175911650061607,0.0581025779247284,1,0.203794524073601,6.66665649414062,0,0,0,0,0,1.4,1.4
,,0.234255611896515,0.20556478202343,1,0.451244592666626,0.120422497391701,4.33334350585938,0.184080958366394,0.160985514521599,3,0.238034099340439,95,0,0,0,0,0,3.8,0
,,0.198285415768623,0.114049181342125,2.33334350585938,0.323487877845764,0.0954286158084869,3.66665649414062,0.069969616830349,0.082564502954483,1,0.0810317099094391,65.3333435058594,0.4,0.2,0.2,0,0.4,0.8,0.4
,,0.24787326157093,0.199857667088509,1,1.22221267223358,0.144092798233032,10.3333435058594,0.189923003315926,0.165866881608963,7.33334350585938,0.160938605666161,5,1.6,0,0.8,0.6,1.2,3.2,1.4
,,0.16806872189045,0.114638730883598,2.66665649414062,0.0188744161278009,0.0603440627455711,2.66665649414062,0.0642222762107849,0.0973449498414993,3.33334350585938,0.176164120435715,85.3333282470703,0.8,0.4,0.4,0.2,0.6,2.4,0.6
,,0.114422902464867,0.0410710647702217,5.66667175292969,0.0471236370503902,0.0957081168889999,3,0.196082666516304,0.131392061710358,2,0.225316748023033,62.6666564941406,0.2,0,0.2,0.2,0,2.4,0
,,0.11510194092989,0.0528922788798809,4,0.0783024057745934,0.0599195286631584,3,0.404502421617508,0.211697041988373,3.33331298828125,0.189864560961723,5,0,0,0,0,0,1.2,0.4
,,0.405128091573715,0.156875491142273,2.33332824707031,0.0675479397177696,0.0953593328595161,4.33334350585938,0.319910496473312,0.287662357091904,1,0.197585627436638,187.33332824707,0,0,0,0,0,0.2,0
,,0.0537165738642216,0.020187484100461,3,0.173500195145607,0.059734582901001,4,0.101356118917465,0.0364957228302956,1,0.23253221809864,13.3333435058594,0.8,0.2,0.4,0.2,0.6,2,1
,,0.107412740588188,0.110626451671124,2.66668701171875,0.0466664060950279,0.0581484921276569,5.33334350585938,0.185901716351509,0.0521271787583828,4.66668701171875,0.196520179510117,35.3333435058594,0.4,0,0.4,0,0.4,1.6,0
,,0.163798898458481,0.142830550670624,1,0.0491675846278667,0.0665914192795753,3.66668701171875,0.271245896816254,0.229749888181686,1.33331298828125,0.192192599177361,7.33332824707031,0.2,0,0.2,0,0.2,1.4,0.4
,,0.175911650061607,0.0581025779247284,2.33331298828125,0.10382242500782,0.042706124484539,2.66668701171875,0.28712123632431,0.291420519351959,2.33334350585938,0.161352053284645,68.6666564941406,0.2,0.2,0,0,0.2,1.2,0.4
,,0.184080958366394,0.160985514521599,1,0.0858499184250832,0.0446651205420494,4,0.764848411083221,0.180511012673378,2.33334350585938,0.0214244332164526,213.333343505859,0.4,0.2,0,0.2,0.2,2,0
,,0.343095362186432,0.0431172847747803,7.33334350585938,0.112887650728226,0.0392446145415306,3.66665649414062,0.181582629680634,0.107397362589836,2,0.143496453762054,13.3333129882812,0.2,0,0.2,0,0.2,1,0.4
,,0.503787398338318,0.137120246887207,3.33331298828125,0.170498728752136,0.0699783340096474,4,0.109743155539036,0.0998914167284966,3.33331298828125,0.185944184660912,99.6666564941406,0.4,0.2,0.2,0.2,0.2,1.6,0
,,0.189923003315926,0.165866881608963,1,0.768765926361084,0.129989355802536,8.66665649414062,0.171480268239975,0.0549585148692131,1,0.131878659129143,71.6666564941406,0,0,0,0,0,0.8,0.4
,,0.254749208688736,0.104656703770161,1.66665649414062,0.154499039053917,0.050763662904501,5.33331298828125,0.0455102361738682,0.0721389502286911,3,0.190549492835999,18.3333129882812,0.2,0,0.2,0,0.2,1.2,0.6
,,0.0642222762107849,0.0973449498414993,7.33334350585938,0.0402751378715038,0.0884742587804794,2.33332824707031,0.0619883388280869,0.072055920958519,3,0.209154933691025,6.66667175292969,0.4,0,0,0,0.4,0.8,0
,,0.0489307641983032,0.0621670335531235,3.66665649414062,0.294579356908798,0.118082135915756,3.33332824707031,0.155096411705017,0.126591861248016,2.33334350585938,0.238677263259888,40.3333435058594,0.2,0,0.2,0,0.2,0.8,0.2
,,0.0579623132944107,0.0412239395081997,2.33334350585938,0.396381765604019,0.155708611011505,4,0.297452032566071,0.0728851407766342,1,0.0232621245086193,57.6666870117188,0,0,0,0,0,0.4,0.4
,,0.196082666516304,0.131392061710358,3.33334350585938,0.03633077070117,0.0661466792225838,3.66668701171875,0.160158276557922,0.114055559039116,3.66665649414062,0.157313466072083,5,0.2,0,0,0,0.2,1.2,1
,,0.71752917766571,0.181711375713348,5,0.0905080661177635,0.113913536071777,2.66665649414062,0.219783335924149,0.0787082612514496,3.33331298828125,0.065888449549675,2.33334350585938,0.8,0.4,0.2,0,0.8,1.4,0.4
,,0.319910496473312,0.287662357091904,1,0.128760978579521,0.0922078043222427,2.66665649414062,0.184539437294006,0.182352483272552,3,0.202483475208282,11.3333129882812,0.6,0.6,0,0.2,0.4,0.8,0.4
,,0.101356118917465,0.0364957228302956,2,0.353147327899933,0.102573692798615,5.33332824707031,0.30246514081955,0.0737856924533844,3,0.235954597592354,53.3333282470703,0,0,0,0,0,1.4,0.8
,,0.185901716351509,0.0521271787583828,3.33331298828125,0.0850355550646782,0.0878139510750771,3,0.248801171779633,0.074362687766552,1,0.196274191141129,61.3333282470703,0,0,0,0,0,0.4,0.2
,,0.271245896816254,0.229749888181686,1,0.120618663728237,0.0590633228421211,7.33334350585938,0.12674555182457,0.0552574507892132,5.66665649414062,0.192351520061493,58.6666564941406,0,0,0,0,0,0.4,0
,,0.28712123632431,0.291420519351959,1,1.10553371906281,0.147786647081375,7.33334350585938,0.111423350870609,0.0603395514190197,3.33334350585938,0.222324058413506,46.6666564941406,0,0,0,0,0,2.4,2.2
,,0.764848411083221,0.180511012673378,4.66668701171875,0.178921118378639,0.104180902242661,2.66665649414062,0.160758629441261,0.136482775211334,1,0.0603152327239513,20.3333435058594,1.2,0.4,0.6,0.6,0.6,1.4,0
,,0.181582629680634,0.107397362589836,1.33331298828125,0.307166188955307,0.0822872370481491,4.66668701171875,0.10628516972065,0.0687346607446671,1,0.217278257012367,12,0.2,0,0.2,0,0.2,1.4,1
,,0.109743155539036,0.0998914167284966,2.33334350585938,0.222022593021393,0.115842580795288,3.33334350585938,0.169953212141991,0.0813691914081573,1,0.165089666843414,21.3333435058594,0.2,0,0.2,0,0.2,6,5
,,0.171480268239975,0.0549585148692131,2.33334350585938,0.10918390005827,0.0352883115410805,3.33334350585938,0.258167326450348,0.219594240188599,4.66665649414062,0.0783991515636444,24.3333282470703,0,0,0,0,0,0.2,0
,,0.0455102361738682,0.0721389502286911,2,0.119658231735229,0.0634324848651886,5.33331298828125,0.175853654742241,0.16788874566555,2,0.102722555398941,2.33334350585938,0.2,0.2,0,0,0.2,0.2,0
,,0.1168033182621,0.0528809167444706,2,0.0566755868494511,0.0621134340763092,2.33334350585938,0.152518883347511,0.139855712652206,1,0.230928957462311,10.6666564941406,0.4,0,0.4,0,0.4,1.4,0.2
,,0.12670211493969,0.0819331258535385,3.66665649414062,0.532201170921326,0.134420663118362,4.33332824707031,0.0643997862935066,0.0600578486919403,1,0.10953263938427,5,0,0,0,0,0,0.6,0.6
,,0.0619883388280869,0.072055920958519,3.33331298828125,0.0831176266074181,0.0876227244734764,2.66665649414062,0.111462116241455,0.0343707539141178,3,0.196268260478973,21.6666717529297,1.2,0.2,0.8,0.2,1,2.6,0.2
,,0.119035936892033,0.12352754175663,2.66668701171875,0.0576934479176998,0.0655986964702606,2.33334350585938,0.24744288623333,0.199690520763397,1,0.155022799968719,15,0,0,0,0,0,0.2,0
,,0.26350736618042,0.113005742430687,3.33331298828125,0.0644956603646278,0.0522385239601135,2.33334350585938,0.042183805257082,0.0686950832605362,3.66665649414062,0.0493344888091087,22,0,0,0,0,0,0.4,0
,,0.155096411705017,0.126591861248016,1,0.0783498734235764,0.0554633960127831,2,0.24105116724968,0.22222238779068,6,0.16021540760994,35.6666564941406,0,0,0,0,0,0,0
,,0.385682672262192,0.0681120529770851,7.33334350585938,1.07281589508057,0.150736153125763,6.66665649414062,0.0685855224728584,0.0627620071172714,2.33334350585938,0.162196964025497,17,0,0,0,0,0,0,0
,,0.398783773183823,0.0816959217190742,5,0.197636127471924,0.068060114979744,2.66665649414062,0.183357715606689,0.171228289604187,4.33334350585938,0.262390315532684,42.3333282470703,0,0,0,0,0,0,0
,,0.220922723412514,0.0504001006484032,4,0.461955457925797,0.185356020927429,2.66665649414062,0.189646899700165,0.0457151904702187,3,0.141263037919998,27.3333435058594,0.4,0.2,0,0.2,0.2,1,0
,,0.0921696722507477,0.0286928471177816,5,0.0193844940513372,0.0927336066961288,3,0.404811412096024,0.116168037056923,4,0.248039379715919,26.3333129882812,0,0,0,0,0,0,0
,,1.03420460224152,0.129618808627129,8,0.0497074276208878,0.0675453096628189,2.33334350585938,0.0401512905955315,0.0670486018061638,1,0.251628816127777,37.3333129882812,0,0,0,0,0,0,0
,,0.297452032566071,0.0728851407766342,3,0.02674375846982,0.0436349399387836,12,0.11805522441864,0.0917414575815201,1,0.0993229448795319,51.6666564941406,0,0,0,0,0,0.4,0
,,0.246502161026001,0.0584165453910828,3.66668701171875,0.637139081954956,0.0700901448726654,21,0.109115920960903,0.0615857653319836,1,0.0593556240200996,16.3333435058594,0.4,0,0.4,0,0.4,1.4,0.8
,,0.160158276557922,0.114055559039116,3,0.48717787861824,0.126268357038498,3.66665649414062,0.62322598695755,0.145509898662567,3.66668701171875,0.179945841431618,9,0,0,0,0,0,1.8,0.2
,,0.637799620628357,0.149983286857605,4.66665649414062,0.128261625766754,0.0885690599679947,2.66665649414062,0.247380375862122,0.113132029771805,2.33334350585938,0.110993072390556,2,0,0,0,0,0,0.4,0.2
,,0.451244592666626,0.120422497391701,4.33334350585938,0.0876240357756615,0.0561116263270378,5.33331298828125,0.227160528302193,0.198578044772148,1,0.121274225413799,24.3333435058594,0,0,0,0,0,1.2,0
,,0.323487877845764,0.0954286158084869,3.66665649414062,0.433885127305984,0.138188928365707,3.33331298828125,0.14688540995121,0.134616702795029,2.66665649414062,0.194864615797997,61.6666717529297,0,0,0,0,0,0.6,0.2
,,0.158523961901665,0.0423284843564034,3.33334350585938,0.190480962395668,0.105359755456448,2.66668701171875,0.224704429507256,0.200390636920929,1,0.2411720007658,3,0.6,0,0.6,0.2,0.4,1.2,0
,,0.0188744161278009,0.0603440627455711,2.66665649414062,0.201389387249947,0.0821053683757782,2.33332824707031,0.108184114098549,0.0692010149359703,1,0.118583366274834,48.3333129882812,0,0,0,0,0,0.4,0
,,0.0471236370503902,0.0957081168889999,3,0.108075544238091,0.125079691410065,6.33331298828125,0.204646572470665,0.0733223706483841,2.66665649414062,0.0215789116919041,29,0.2,0.2,0,0,0.2,1.8,0.8
,,0.219783335924149,0.0787082612514496,2.33334350585938,0.191640108823776,0.0544968247413635,8.33334350585938,0.241097450256348,0.241871476173401,2,0.182573139667511,87.6666564941406,0.4,0,0.4,0.2,0.4,1.8,0
,,0.0783024057745934,0.0599195286631584,3,0.182101488113403,0.0589050799608231,6,0.321174174547195,0.123695611953735,1,0.140133664011955,3.66667175292969,0.8,0,0.8,0,0.8,2.6,0.2
,,0.0675479397177696,0.0953593328595161,4.33334350585938,0.140966698527336,0.0513878092169762,2,0.1995779722929,0.18144853413105,1,0.111500829458237,2,0.4,0.2,0.2,0,0.4,0.8,0
,,0.184539437294006,0.182352483272552,1,0.254923611879349,0.113593533635139,3.33334350585938,0.291458874940872,0.250385105609894,2.66665649414062,0.255676567554474,76.3333435058594,0,0,0,0,0,0,0
,,0.30246514081955,0.0737856924533844,3.66665649414062,1.06900632381439,0.175191074609756,7,0.141410440206528,0.105023413896561,1,0.248135402798653,79.6666564941406,0,0,0,0,0,0.6,0
,,0.248801171779633,0.074362687766552,3.33331298828125,0.123768091201782,0.0910987257957458,3.33331298828125,0.325267136096954,0.100456140935421,5,0.203486829996109,121.333343505859,0.2,0,0.2,0.2,0,3.2,3
,,0.173500195145607,0.059734582901001,4,0.324143648147583,0.0844642072916031,6,0.172863394021988,0.149545401334763,2,0.199720948934555,153.666656494141,1,0.2,0.6,0.4,0.6,1.6,0.4
,,0.0830627828836441,0.0573697686195374,4.33334350585938,0.140520244836807,0.0394401401281357,3,0.212859570980072,0.167339414358139,1,0.136049345135689,17.3333282470703,0.8,0.6,0.2,0,0.8,1.2,0.6
,,0.0466664060950279,0.0581484921276569,5.33334350585938,0.329057037830353,0.0754754841327667,4.66665649414062,0.102938167750835,0.0589286163449287,1,0.159442096948624,25,0.2,0,0.2,0.2,0,0.6,0.2
,,0.0491675846278667,0.0665914192795753,3.66668701171875,0.0967618823051453,0.0819529443979263,3.33334350585938,0.249656841158867,0.207849949598312,1,0.144854009151459,3.33334350585938,0,0,0,0,0,0.4,0
,,0.12674555182457,0.0552574507892132,3,0.142605200409889,0.0786782130599022,3.66665649414062,0.30041292309761,0.0907403379678726,1,0.077792301774025,59.3333129882812,1.2,0.4,0.6,0.2,1,2.8,0.4
,,0.143466591835022,0.0815002247691154,4,0.0336532406508923,0.0671306326985359,2,0.41244250535965,0.200285732746124,2.66668701171875,0.045012891292572,3.33334350585938,0.4,0,0.4,0,0.4,1.6,0.6
,,0.111423350870609,0.0603395514190197,3,0.469031393527985,0.112841203808784,5.33331298828125,0.228322491049767,0.210955768823624,3.33334350585938,0.0213891677558422,21,0.8,0.6,0.2,0.2,0.6,2.4,1.6
,,0.160758629441261,0.136482775211334,1,0.379026830196381,0.0714438855648041,5,0.244366660714149,0.204366743564606,1,0.0150577379390597,16.6666564941406,0.4,0.2,0.2,0.2,0.2,2.6,0.4
,,0.0858499184250832,0.0446651205420494,4,0.224420115351677,0.122089445590973,4,0.288432776927948,0.244445472955704,1,0.143808111548424,24.3333435058594,0,0,0,0,0,0.8,0
,,0.10628516972065,0.0687346607446671,5.66665649414062,0.495805144309998,0.135614633560181,5.66668701171875,0.501529037952423,0.316990077495575,3,0.196032047271729,3.66667175292969,0.2,0,0.2,0,0.2,1.4,0
,,0.169953212141991,0.0813691914081573,3.33334350585938,0.0956116542220116,0.0448984876275063,2,0.262256145477295,0.252386569976807,2,0.0169438719749451,25,0,0,0,0,0,1.6,0
,,0.112887650728226,0.0392446145415306,3.66665649414062,0.842594921588898,0.0920020043849945,11.6666564941406,0.328067719936371,0.117604419589043,1,0.0682659596204758,67.3333435058594,1.2,0,1.2,0,1.2,2.6,0.2
,,0.170498728752136,0.0699783340096474,4,0.675906538963318,0.151047497987747,5.33331298828125,0.0234427452087402,0.0468626543879509,2.66665649414062,0.0786200761795044,33,0,0,0,0,0,0,0
,,0.0298091042786837,0.0843421369791031,2.66665649414062,0.0731517598032951,0.0167029909789562,6.66668701171875,0.234055921435356,0.111923083662987,2,0.195181220769882,28,0.6,0.2,0.4,0.4,0.2,0.8,0.2
,,0.175853654742241,0.16788874566555,1,0.106397099792957,0.0575315020978451,2,0.164352670311928,0.137384429574013,1.33334350585938,0.208314821124077,88.6666564941406,0.2,0,0.2,0,0.2,1.4,0
,,0.152518883347511,0.139855712652206,1,0.172024622559547,0.0903097093105316,5.33334350585938,0.301064610481262,0.103225752711296,3.66665649414062,0.251506149768829,137,0.4,0.2,0.2,0,0.4,1,0.4
,,0.768765926361084,0.129989355802536,8.66665649414062,0.41673943400383,0.0753970742225647,6,0.297985881567001,0.192578673362732,1,0.115582495927811,99,0,0,0,0,0,0.2,0
,,0.0581908226013184,0.0443552583456039,4,1.07151627540588,0.178001746535301,6,0.122585959732533,0.0728701651096344,5.33334350585938,0.149077251553535,43.6666564941406,0.2,0,0,0,0.2,0.2,0.2
,,0.111462116241455,0.0343707539141178,2,0.0873376205563545,0.0920628160238266,2.66665649414062,0.179607674479485,0.138943135738373,2.33334350585938,0.209884375333786,32.3333435058594,0.6,0.4,0.2,0.2,0.4,2.8,1.8
,,0.154499039053917,0.050763662904501,5.33331298828125,0.362674474716187,0.0973793268203735,3.66665649414062,0.00799590069800615,0.0542404018342495,3.66665649414062,0.206687211990356,20.3333282470703,0.2,0,0.2,0,0.2,0.2,0.2
,,0.0402751378715038,0.0884742587804794,2.33332824707031,0.711005508899689,0.104216001927853,6.33334350585938,0.0397557765245438,0.0787456184625626,1,0.150200739502907,17,0.2,0.2,0,0,0.2,1.4,0.4
,,0.294579356908798,0.118082135915756,3.33332824707031,0.364700019359589,0.115702167153358,3.66665649414062,0.125082269310951,0.0893068313598633,3.66665649414062,0.153010129928589,24.6666564941406,0.2,0.2,0,0,0.2,0.2,0
,,0.24744288623333,0.199690520763397,1,0.198120892047882,0.111463509500027,4.33331298828125,0.348577886819839,0.126533776521683,4.66665649414062,0.203921735286713,2,0,0,0,0,0,0.6,0
,,0.396381765604019,0.155708611011505,4,0.161923557519913,0.0693513154983521,2,0.184010848402977,0.17753940820694,1,0.0543714351952076,44.6666717529297,0,0,0,0,0,0.2,0
,,0.03633077070117,0.0661466792225838,3.66668701171875,0.982296407222748,0.197061777114868,5,0.811477541923523,0.185228869318962,2,0.0141550153493881,9.33332824707031,1.4,0.4,1,0.4,1,2,0.2
,,0.042183805257082,0.0686950832605362,2.33334350585938,0.0862034633755684,0.0692077726125717,3.66665649414062,0.212974905967712,0.0967823266983032,2.33331298828125,0.0244651064276695,66,0.2,0.2,0,0,0.2,0.8,0
,,0.0905080661177635,0.113913536071777,2.66665649414062,0.359839588403702,0.124627582728863,6,0.199321419000626,0.0696214213967323,4.33334350585938,0.155231133103371,42.0000152587891,1,0.8,0.2,0.4,0.6,2.4,1.4
,,0.128760978579521,0.0922078043222427,2.66665649414062,0.133558377623558,0.064402848482132,4.66668701171875,0.295331090688705,0.256596148014069,1,0.155013784766197,24.6666564941406,0,0,0,0,0,2.8,0.2
,,0.24105116724968,0.22222238779068,1,0.197253778576851,0.128366708755493,3.66668701171875,0.104479812085629,0.0706274509429932,3,0.0139377526938915,76.3333282470703,0,0,0,0,0,0,0
,,0.160864606499672,0.0610313229262829,2.66665649414062,0.279533505439758,0.0816168710589409,4.66665649414062,0.0605266056954861,0.0862567946314812,2,0.138597637414932,13.3333435058594,0,0,0,0,0,0.2,0
,,0.183357715606689,0.171228289604187,1,0.336177229881287,0.116732448339462,5,0.289534360170364,0.244346514344215,1.33334350585938,0.171372979879379,22.9999847412109,0.2,0,0.2,0,0.2,1.2,0.2
,,0.353147327899933,0.102573692798615,5.33332824707031,0.34000501036644,0.127343386411667,3,0.108837708830833,0.0465132817625999,1,0.0149784237146378,7,0.8,0.2,0.2,0.4,0.4,1.4,0.4
,,0.189646899700165,0.0457151904702187,3.66665649414062,0.192151293158531,0.114286735653877,3,0.0881981998682022,0.0509858913719654,3,0.171858876943588,123.33332824707,0.6,0.4,0.2,0.2,0.6,2.8,0.4
,,0.0850355550646782,0.0878139510750771,3,0.105797179043293,0.101818300783634,2.66668701171875,0.0801934078335762,0.0854582488536835,1,0.118525877594948,59.6666564941406,0.2,0,0,0,0.2,1,1
,,0.171413883566856,0.0987264961004257,3.66665649414062,0.152657449245453,0.0781542360782623,3,0.198660090565681,0.0788531899452209,1,0.0914590507745743,9,0,0,0,0,0,0.6,0.6
,,0.120618663728237,0.0590633228421211,7.33334350585938,0.171373605728149,0.0818838477134705,2.66668701171875,0.206804260611534,0.18207773566246,1.33334350585938,0.139773607254028,7.99998474121094,0.2,0.2,0,0,0.2,0.8,0.6
,,1.10553371906281,0.147786647081375,7.33334350585938,0.173660606145859,0.0931854993104935,4,0.492301195859909,0.1356500685215,2.66668701171875,0.0303243212401867,22.6666564941406,0,0,0,0,0,0.6,0.4
,,0.178921118378639,0.104180902242661,2.66665649414062,0.0497399382293224,0.0973086357116699,1.66668701171875,0.144435167312622,0.0494324862957001,1,0.166208401322365,8,0.6,0.2,0.4,0.2,0.4,1.4,0.4
,,0.307166188955307,0.0822872370481491,4.66668701171875,0.0774744749069214,0.0784113258123398,2.66668701171875,0.0302310883998871,0.0944183245301247,1,0.0140717308968306,15.6666870117188,1.2,0.2,1,0,1.2,2.2,0.8
,,0.222022593021393,0.115842580795288,3.33334350585938,0.0152234993875027,0.0883783102035522,3,0.251914530992508,0.220846548676491,4,0.175686448812485,73.6666870117188,0,0,0,0,0,0,0
,,0.0460286177694798,0.0691345408558846,5,0.388583481311798,0.100547596812248,3.33331298828125,0.439124017953873,0.201059147715569,1,0.0402947850525379,59.3333282470703,0.2,0.2,0,0,0.2,0.4,0.4
,,0.0401512905955315,0.0670486018061638,2.33334350585938,0.244826167821884,0.0884809792041779,3,0.263966858386993,0.232071578502655,2.66665649414062,0.115791797637939,134.333343505859,0,0,0,0,0,1.2,0.8
,,0.0946961939334869,0.0542871206998825,4,1.07767772674561,0.196992129087448,6,0.191762864589691,0.185576304793358,2,0.192780882120132,56.3333435058594,0.2,0,0.2,0,0.2,1,0.4
,,0.109115920960903,0.0615857653319836,3,0.185077637434006,0.0870677009224892,4,0.119377262890339,0.0603944286704063,1,0.127314329147339,44.3333435058594,0.2,0,0,0,0.2,0.6,0.4
,,0.10918390005827,0.0352883115410805,3.33334350585938,0.248617261648178,0.0988768339157104,3,0.129314064979553,0.0448873043060303,1,0.16668863594532,2.33332824707031,0.2,0.2,0,0.2,0,0.6,0.4
,,0.119658231735229,0.0634324848651886,5.33331298828125,,,,0.181696310639381,0.168908774852753,1,0.129647076129913,3.33334350585938,1,0.4,0.6,0.2,0.8,1.6,0.6
,,0.62322598695755,0.145509898662567,4,,,,0.247064366936684,0.210437268018723,1,0.105514600872993,39.3333129882812,0.6,0.2,0,0.2,0.4,1.4,0.2
,,0.247380375862122,0.113132029771805,4.33331298828125,,,,0.242537260055542,0.0776422768831253,1,0.205440804362297,63.6666870117188,0,0,0,0,0,0.2,0
,,0.0566755868494511,0.0621134340763092,2.33334350585938,,,,0.197048962116241,0.186429738998413,1.33334350585938,0.230049043893814,22,0.2,0.2,0,0,0.2,0.6,0.2
,,0.532201170921326,0.134420663118362,4.33332824707031,,,,0.242598652839661,0.0756581500172615,4.33334350585938,0.0350917056202888,10.3333435058594,0.4,0.2,0.2,0,0.4,1.2,0.8
,,0.227160528302193,0.198578044772148,1,,,,0.469169437885284,0.21957528591156,1,0.210870176553726,19.3333435058594,0.2,0.2,0,0,0.2,0.6,0.2
,,0.14688540995121,0.134616702795029,1,,,,0.233588755130768,0.227132052183151,1,0.0205165855586529,42.3333282470703,0.6,0.4,0.2,0,0.6,0.6,0.6
,,0.224704429507256,0.200390636920929,1,,,,0.15406259894371,0.125542551279068,1,0.164120137691498,64.3333435058594,0.2,0.2,0,0,0.2,0.2,0
,,0.108184114098549,0.0692010149359703,3.66668701171875,,,,0.156330093741417,0.115865722298622,1,0.100514724850655,55.6666564941406,1,0.2,0.6,0,1,1.4,0.4
,,0.204646572470665,0.0733223706483841,2.33334350585938,,,,0.160240665078163,0.111014790832996,1,0.175276204943657,31,0.6,0.2,0.6,0.2,0.6,1.2,0.8
,,0.0831176266074181,0.0876227244734764,2.66665649414062,,,,0.14777047932148,0.134348854422569,1,0.141333431005478,67.6666717529297,0,0,0,0,0,0.4,0.2
,,0.241097450256348,0.241871476173401,1,,,,0.16450908780098,0.102119490504265,5.33334350585938,0.143573790788651,7.33334350585938,0.6,0.4,0.2,0,0.6,1.8,1.4
,,0.321174174547195,0.123695611953735,2.66665649414062,,,,0.497109144926071,0.132349818944931,2.33331298828125,0.23162105679512,21.6666564941406,0.2,0,0.2,0,0.2,0.6,0.4
,,0.1995779722929,0.18144853413105,1,,,,0.254012793302536,0.192410111427307,1,0.0305051282048225,14.6666870117188,0.4,0.2,0.2,0,0.4,0.8,0.4
,,0.109952032566071,0.0610414706170559,3,,,,0.248606637120247,0.241844788193703,1,0.199226960539818,4.66665649414062,0,0,0,0,0,1,0.6
,,0.253933191299438,0.112378925085068,3.33334350585938,,,,0.2787966132164,0.221805974841118,6,0.0224168300628662,3,0.2,0,0,0,0.2,0.6,0.4
,,0.0576934479176998,0.0655986964702606,2.33334350585938,,,,0.24013751745224,0.214020669460297,1,0.22714464366436,2.66665649414062,0.6,0.4,0.2,0,0.6,1.6,0.8
,,0.250002145767212,0.197419628500938,1,,,,0.171387195587158,0.154350310564041,1,0.187880545854568,24,0,0,0,0,0,1,0.6
,,0.0644956603646278,0.0522385239601135,2.33334350585938,,,,0.190637513995171,0.181595891714096,1.66665649414062,0.187255591154099,85,0.8,0.6,0.2,0.2,0.6,1.6,0.8
,,0.291458874940872,0.250385105609894,1,,,,0.214476943016052,0.083837553858757,1.66668701171875,0.199176624417305,27,0.4,0.2,0.2,0,0.4,0.6,0.6
,,0.166508734226227,0.0834195166826248,3.66665649414062,,,,0.161784842610359,0.0612882040441036,1,0.0982590168714523,29.6666564941406,2,0.6,1.2,0,2.2,3.4,2
,,0.141410440206528,0.105023413896561,2.66665649414062,,,,0.221382811665535,0.201150447130203,7,0.220175951719284,10,0.6,0,0.6,0,0.6,2.2,1
,,0.325267136096954,0.100456140935421,2,,,,0.22274412214756,0.202052399516106,2.33334350585938,0.103971734642982,6.33334350585938,0.2,0,0.2,0,0.2,1.6,0.6
,,0.172863394021988,0.149545401334763,1,,,,0.78967159986496,0.117443680763245,4.33334350585938,0.0590292662382126,47,0.2,0.2,0,0,0.2,1.2,0.6
,,2.07647037506104,0.141756117343903,21.6666870117188,,,,0.165039494633675,0.142728745937347,2.33334350585938,0.11289394646883,12,0,0,0,0,0,3.4,3.4
,,0.212859570980072,0.167339414358139,1,,,,0.24208927154541,0.243763834238052,2.33334350585938,0.223855584859848,2.66665649414062,0.2,0.2,0,0.2,0,0.4,0
,,0.98465770483017,0.156213581562042,7.33334350585938,,,,0.153359189629555,0.0657694712281227,1.66665649414062,0.180137127637863,81,0,0,0,0,0,0.8,0.8
,,1.07281589508057,0.150736153125763,6.66665649414062,,,,0.160246089100838,0.0752281248569489,1,0.197652712464333,17.6666870117188,0.4,0.2,0.2,0.2,0.2,1,0
,,0.1110720038414,0.0962194576859474,2.33334350585938,,,,0.347693026065826,0.308942794799805,4,0.133269682526588,32,0.2,0,0.2,0,0.2,1,0.4
,,0.0499956347048283,0.0381003022193909,2.66665649414062,,,,0.16465325653553,0.0582799091935158,1,0.191964238882065,15,0.2,0.2,0,0,0.2,0.8,0.2
,,0.461955457925797,0.185356020927429,2.66665649414062,,,,0.074831023812294,0.069833517074585,1,0.180220812559128,14,0,0,0,0,0,0.8,0
,,0.0193844940513372,0.0927336066961288,3,,,,0.222642570734024,0.133108735084534,1,0.182183653116226,8,0,0,0,0,0,1,0.6
,,0.102938167750835,0.0589286163449287,2.66665649414062,,,,0.044494453817606,0.103943832218647,1,0.103793777525425,11,0.2,0.2,0,0,0.2,1,0.6
,,0.249656841158867,0.207849949598312,1,,,,0.251350045204163,0.111153855919838,1,0.184592470526695,45,0,0,0,0,0,1.2,0.4
,,0.30041292309761,0.0907403379678726,5,,,,0.224778488278389,0.114063322544098,1.66668701171875,0.203827947378159,29.6666870117188,1.2,0.4,0.6,0.4,1,1.6,0.6
,,0.069969616830349,0.082564502954483,3,,,,0.249073967337608,0.212126642465591,4,0.121642738580704,2,0.8,0,0.6,0.2,0.6,1.2,0.2
,,0.228322491049767,0.210955768823624,1,,,,0.109842382371426,0.0849918872117996,1,0.125745162367821,13.3333129882812,0.6,0.2,0.2,0,0.6,1.2,0
,,0.244366660714149,0.204366743564606,1,,,,0.239946216344833,0.220763981342316,1,0.210762739181519,4.66665649414062,1,0.2,0.8,0.2,1,1.6,0.4
,,0.288432776927948,0.244445472955704,1,,,,0.144557476043701,0.159366965293884,1,0.09127127379179,13.6666564941406,0,0,0,0,0,0.4,0.2
,,0.0497074276208878,0.0675453096628189,2.33334350585938,,,,0.190426349639893,0.165257915854454,1,0.128749936819077,44,0.2,0,0.2,0,0.2,1.2,0.2
,,0.404502421617508,0.211697041988373,1.66665649414062,,,,0.241914883255959,0.22346542775631,4,0.178120702505112,48.6666564941406,0.8,0.4,0.6,0.2,0.8,1.2,0
,,0.02674375846982,0.0436349399387836,12,,,,0.203348815441132,0.174071103334427,3,0.130110025405884,136.333312988281,0.6,0.2,0.2,0,0.6,1.2,0.4
,,0.637139081954956,0.0700901448726654,21,,,,0.288116931915283,0.130631789565086,1,0.0115688089281321,21,1,0.4,0.6,0.2,0.8,2,1
,,0.262256145477295,0.252386569976807,1,,,,0.419777601957321,0.126280695199966,1,0.178510218858719,15,0,0,0,0,0,1,0.4
,,0.48717787861824,0.126268357038498,3.66665649414062,,,,0.282173424959183,0.250619828701019,2.33334350585938,0.187216565012932,90.6666564941406,0.4,0.2,0.2,0,0.4,1,0.4
,,0.128261625766754,0.0885690599679947,2.66665649414062,,,,0.206066384911537,0.195139169692993,4.33334350585938,0.148506596684456,13,1.2,0.6,0.4,0.2,1,2,0.4
,,0.0876240357756615,0.0561116263270378,5.33331298828125,,,,0.167741551995277,0.145338594913483,1,0.168982371687889,29.6666564941406,2.4,0.8,1.2,0,2.4,2.8,0.8
,,0.433885127305984,0.138188928365707,3.33331298828125,,,,0.211638405919075,0.206983119249344,2.33334350585938,0.185278326272964,15.3333129882812,0.4,0,0.4,0,0.4,1.6,0.8
,,0.328067719936371,0.117604419589043,2.66668701171875,,,,0.357791304588318,0.094241090118885,1,0.202549457550049,113,0.8,0.2,0.8,0.2,0.8,1.4,0.6
,,0.160900086164474,0.0616835132241249,6.66665649414062,,,,0.0859640836715698,0.0565048418939114,3,0.217178106307983,78.3333129882812,0,0,0,0,0,0.8,0.6
,,0.234055921435356,0.111923083662987,1,,,,0.201165109872818,0.164788663387299,2,0.180004000663757,5.33331298828125,1,0.4,0.6,0.2,0.8,3.2,1
,,0.164352670311928,0.137384429574013,1,,,,0.309426754713058,0.270431309938431,2.66668701171875,0.209902063012123,61.6666870117188,0.6,0,0.4,0.2,0.4,1.8,1.6
,,0.301064610481262,0.103225752711296,3,,,,0.188018053770065,0.0728354379534721,1,0.14517742395401,2.66665649414062,0.6,0.2,0.4,0,0.6,1.6,0.2
,,0.190480962395668,0.105359755456448,2.66668701171875,,,,0.113064900040627,0.0812939032912254,1,0.163904383778572,40.3333435058594,0.6,0.2,0.2,0,0.6,2,0
,,0.297985881567001,0.192578673362732,2,,,,0.256053060293198,0.226054728031158,2.66665649414062,0.053927443921566,27.6666564941406,0.2,0,0.2,0,0.4,0.6,0.2
,,0.398890197277069,0.100036323070526,3.66665649414062,,,,0.0678269267082214,0.135010704398155,2.33334350585938,0.188077583909035,19.3333435058594,0.4,0,0.2,0,0.4,0.4,0
,,0.122585959732533,0.0728701651096344,4.66665649414062,,,,0.286578088998795,0.228853791952133,1,0.12072591483593,36.9999847412109,0.2,0,0.2,0,0.2,0.8,0.2
,,0.201389387249947,0.0821053683757782,2.33332824707031,,,,0.0389134287834167,0.0372076854109764,1,0.19887712597847,61,0.4,0.2,0.2,0,0.4,0.8,0.6
,,0.179607674479485,0.138943135738373,1,,,,0.242433339357376,0.128078728914261,2.33334350585938,0.122243613004684,2,0,0,0,0,0,0.4,0
,,0.108075544238091,0.125079691410065,6.33331298828125,,,,0.41247969865799,0.148515224456787,3,0.194519817829132,24.6666717529297,0.4,0,0.2,0,0.4,2.6,2.4
,,0.191640108823776,0.0544968247413635,8.33334350585938,,,,0.270610809326172,0.233687847852707,1,0.013593751937151,97,0.8,0.4,0.4,0,0.8,1.4,0.2
,,0.00799590069800615,0.0542404018342495,2.66665649414062,,,,0.243015855550766,0.233987033367157,1.66665649414062,0.191179916262627,80.6666870117188,1.4,0.2,0.8,0.2,1.2,1.4,0.6
,,0.182101488113403,0.0589050799608231,6,,,,0.0764113217592239,0.0474191829562187,2,0.224793449044228,102,1,0.4,0.4,0,1,2.8,2.6
,,0.140966698527336,0.0513878092169762,2,,,,0.0278992392122746,0.0968774557113647,2,0.227777242660522,7.66665649414062,1.4,0.2,0.6,0.4,1,1.8,0.6
,,0.254923611879349,0.113593533635139,3.33334350585938,,,,0.252257406711578,0.233302399516106,1,0.194798499345779,19.6666870117188,0.6,0.4,0.2,0.2,0.4,1,0
,,0.10382242500782,0.042706124484539,2.66668701171875,,,,0.225861728191376,0.199911445379257,1,0.0443230308592319,9.33334350585938,0.6,0.2,0.2,0.2,0.4,1,0.4
,,0.125082269310951,0.0893068313598633,1.33334350585938,,,,0.537988066673279,0.261742264032364,1,0.177298903465271,14,1,0.4,0.6,0,1,2.4,0.4
,,1.06900632381439,0.175191074609756,7,,,,0.586532831192017,0.125399321317673,1,0.0920180529356003,31.3333435058594,0.4,0,0.2,0,0.4,0.8,0.4
,,0.258167326450348,0.219594240188599,1,,,,0.174280598759651,0.157924994826317,2.33331298828125,0.0942948162555695,2,0.6,0,0.6,0,0.6,1.2,0.6
,,0.184010848402977,0.17753940820694,1,,,,0.147305011749268,0.138805836439133,3,0.160732120275497,38,0.6,0.2,0.4,0,0.6,1,0.4
,,0.811477541923523,0.185228869318962,5.33334350585938,,,,0.234562769532204,0.0896317064762115,1,0.166980355978012,20.3333435058594,0.4,0.4,0,0,0.4,1.2,0.8
,,0.212974905967712,0.0967823266983032,2.33334350585938,,,,0.0443540327250957,0.116686478257179,1,0.209995448589325,57.6666564941406,0,0,0,0,0,0.6,0.4
,,0.0643997862935066,0.0600578486919403,4.66665649414062,,,,0.328822493553162,0.248431861400604,1,0.240748345851898,20.3333435058594,0.2,0.2,0,0,0.2,0.4,0
,,0.324143648147583,0.0844642072916031,6,,,,0.146870404481888,0.126533538103104,1,0.0739349871873856,5.33334350585938,0,0,0,0,0,0.2,0
,,0.199321419000626,0.0696214213967323,3.66665649414062,,,,0.223965182900429,0.200747430324554,5.66668701171875,0.105340503156185,43.6666564941406,0,0,0,0,0,1.4,0.4
,,0.140520244836807,0.0394401401281357,3,,,,0.237572684884071,0.198095858097076,2,0.164375841617584,84.3333435058594,0.2,0.2,0,0,0.2,1.4,1
,,0.295331090688705,0.256596148014069,1,,,,0.0740685164928436,0.103878080844879,1,0.224272564053535,10.9999847412109,1,0.2,0.8,0.2,0.8,2.8,0.4
,,0.104479812085629,0.0706274509429932,3.66665649414062,,,,0.219366565346718,0.105360388755798,1,0.178978964686394,3,0.2,0,0.2,0,0.2,0.8,0
,,0.0605266056954861,0.0862567946314812,4.66665649414062,,,,0.21884498000145,0.185068994760513,2.33334350585938,0.186429277062416,45.6666870117188,0.8,0,0.6,0,0.8,5,5
,,0.289534360170364,0.244346514344215,1,,,,0.182679861783981,0.169886216521263,1.66668701171875,0.144153401255608,28,0.2,0.2,0,0,0.2,1.2,0.2
,,0.108837708830833,0.0465132817625999,3,,,,0.248841732740402,0.241326123476028,1,0.0157733261585236,14,1,0.4,0.6,0.4,0.6,1.6,0.2
,,0.0881981998682022,0.0509858913719654,2,,,,0.228455573320389,0.211512714624405,1,0.163527056574821,88.3333435058594,0,0,0,0,0,0.4,0.4
,,0.0722230523824692,0.0875110328197479,2,,,,0.23864434659481,0.0864983350038528,1,0.152330651879311,40,0.2,0,0.2,0,0.2,1.4,1
,,0.0374282822012901,0.054841622710228,3.66668701171875,,,,0.188609197735786,0.147342175245285,,0.0738399922847748,26.3333435058594,0.6,0,0.6,0,0.6,1.6,0.2
,,0.0685855224728584,0.0627620071172714,3,,,,0.186053872108459,0.165582060813904,,0.0534738674759865,38.6666870117188,0.6,0.2,0.4,0.2,0.4,1.8,0.2
,,0.198660090565681,0.0788531899452209,4.33334350585938,,,,0.262810975313187,0.247123226523399,,0.176112651824951,70.3333435058594,0.6,0.2,0.4,0,0.6,1,0.8
,,0.183911874890327,0.0460989028215408,3.33334350585938,,,,0.0717098116874695,0.0804104208946228,,0.195790618658066,31,0.6,0,0.4,0,0.6,1.8,0.6
,,0.206804260611534,0.18207773566246,1,,,,0.132081210613251,0.089878112077713,,0.226005598902702,37.6666870117188,1.2,0.4,0.8,0,1.2,3,0.8
,,0.404811412096024,0.116168037056923,6,,,,0.317683011293411,0.283397436141968,,0.023994006216526,172,0.6,0.2,0.2,0,0.6,1.4,0.8
,,0.144435167312622,0.0494324862957001,2,,,,0.231929421424866,0.200127333402634,,0.0181425474584103,50,0.4,0,0,0,0.4,1,0.4
,,0.0915055796504021,0.134780526161194,3,,,,0.332845836877823,0.296091437339783,,0.113611824810505,7.33334350585938,0.6,0,0.6,0,0.6,1.2,0
,,0.251914530992508,0.220846548676491,1,,,,,,,0.0725223124027252,2,0.8,0.2,0.4,0,0.8,1,0
,,0.439124017953873,0.201059147715569,3,,,,,,,0.0219060331583023,15.3333435058594,0.8,0.4,0.6,0,1,2.2,0.2
,,0.263966858386993,0.232071578502655,1,,,,,,,0.208624184131622,34,,,,,,,
,,0.191762864589691,0.185576304793358,1,,,,,,,0.203158020973206,143.666656494141,,,,,,,
,,0.11805522441864,0.0917414575815201,4.33334350585938,,,,,,,0.184405982494354,10,,,,,,,
,,0.119377262890339,0.0603944286704063,1.33334350585938,,,,,,,0.109576314687729,46.6666870117188,,,,,,,
,,0.129314064979553,0.0448873043060303,2.66668701171875,,,,,,,0.204043671488762,82.6666870117188,,,,,,,
,,0.329057037830353,0.0754754841327667,4.66665649414062,,,,,,,0.227379754185677,40,,,,,,,
,,0.0967618823051453,0.0819529443979263,3.33334350585938,,,,,,,0.170317858457565,22.3333435058594,,,,,,,
,,0.181696310639381,0.168908774852753,1,,,,,,,0.207050621509552,98.3333129882812,,,,,,,
,,0.247064366936684,0.210437268018723,1,,,,,,,0.0650688260793686,15,,,,,,,
,,0.242537260055542,0.0776422768831253,4,,,,,,,0.246629431843758,104.333312988281,,,,,,,
,,0.197048962116241,0.186429738998413,1,,,,,,,0.0623694732785225,15.3333435058594,,,,,,,
,,0.242598652839661,0.0756581500172615,2.66665649414062,,,,,,,0.253336101770401,76.3333435058594,,,,,,,
,,0.469169437885284,0.21957528591156,2,,,,,,,0.292582929134369,4.66667175292969,,,,,,,
,,0.233588755130768,0.227132052183151,1,,,,,,,0.0189189109951258,4,,,,,,,
,,0.0568860024213791,0.0486304759979248,4.66665649414062,,,,,,,0.096878856420517,158.666687011719,,,,,,,
,,0.0336532406508923,0.0671306326985359,2,,,,,,,0.110840663313866,51,,,,,,,
,,0.15406259894371,0.125542551279068,1,,,,,,,0.163671225309372,76.3333282470703,,,,,,,
,,0.341511458158493,0.0905662924051285,3.33331298828125,,,,,,,0.126291275024414,27.3333129882812,,,,,,,
,,0.469031393527985,0.112841203808784,5.33331298828125,,,,,,,0.112720936536789,4.33334350585938,,,,,,,
,,0.0783498734235764,0.0554633960127831,2,,,,,,,0.247041717171669,43,,,,,,,
,,0.197636127471924,0.068060114979744,2.66665649414062,,,,,,,0.211912915110588,33.6666870117188,,,,,,,
,,0.224420115351677,0.122089445590973,4,,,,,,,0.205987021327019,28.3333129882812,,,,,,,
,,0.823943853378296,0.203919753432274,4,,,,,,,0.227559834718704,3,,,,,,,
,,0.14777047932148,0.134348854422569,1,,,,,,,0.0287588946521282,108.999984741211,,,,,,,
,,0.41244250535965,0.200285732746124,2,,,,,,,0.095837265253067,5.66668701171875,,,,,,,
,,0.16450908780098,0.102119490504265,1.33334350585938,,,,,,,0.229366272687912,40.6666564941406,,,,,,,
,,0.578991591930389,0.0999354422092438,5,,,,,,,0.195019543170929,56,,,,,,,
,,0.254012793302536,0.192410111427307,1,,,,,,,0.191435769200325,53.6666564941406,,,,,,,
,,0.501529037952423,0.316990077495575,1.33334350585938,,,,,,,0.20564292371273,19,,,,,,,
,,0.0956116542220116,0.0448984876275063,2,,,,,,,0.122203454375267,19.3333129882812,,,,,,,
,,0.248606637120247,0.241844788193703,1,,,,,,,0.143519729375839,7.33334350585938,,,,,,,
,,0.2787966132164,0.221805974841118,1,,,,,,,0.108492732048035,12.6666564941406,,,,,,,
,,0.842594921588898,0.0920020043849945,11.6666564941406,,,,,,,0.0270948316901922,55.6666564941406,,,,,,,
,,0.24013751745224,0.214020669460297,1,,,,,,,0.102991178631783,78,,,,,,,
,,0.675906538963318,0.151047497987747,5.33331298828125,,,,,,,0.133515775203705,21,,,,,,,
,,0.0234427452087402,0.0468626543879509,3.33334350585938,,,,,,,0.207544803619385,22.3333435058594,,,,,,,
,,0.0731517598032951,0.0167029909789562,6.66668701171875,,,,,,,0.119426652789116,76.3333435058594,,,,,,,
,,0.171387195587158,0.154350310564041,1,,,,,,,0.0523862168192863,3.66665649414062,,,,,,,
,,0.190637513995171,0.181595891714096,1,,,,,,,0.0859710574150085,12,,,,,,,
,,0.214476943016052,0.083837553858757,5.33334350585938,,,,,,,0.0559912845492363,49.3333435058594,,,,,,,
,,1.22221267223358,0.144092798233032,10.3333435058594,,,,,,,0.201094180345535,26.3333435058594,,,,,,,
,,0.106397099792957,0.0575315020978451,2,,,,,,,0.207309603691101,22.3333435058594,,,,,,,
,,0.161784842610359,0.0612882040441036,2.33331298828125,,,,,,,0.168642073869705,48.3333435058594,,,,,,,
,,0.221382811665535,0.201150447130203,1,,,,,,,0.0967926010489464,5.33334350585938,,,,,,,
,,0.172024622559547,0.0903097093105316,5.33334350585938,,,,,,,0.164713144302368,24,,,,,,,
,,0.22274412214756,0.202052399516106,1,,,,,,,0.0393298082053661,17.3333129882812,,,,,,,
,,0.78967159986496,0.117443680763245,6,,,,,,,0.0881520435214043,116,,,,,,,
,,0.0397557765245438,0.0787456184625626,2,,,,,,,0.225613236427307,124,,,,,,,
,,0.165039494633675,0.142728745937347,1,,,,,,,0.152173653244972,63.3333129882812,,,,,,,
,,0.348577886819839,0.126533776521683,3.66665649414062,,,,,,,0.145524173974991,27.3333435058594,,,,,,,
,,0.0987567454576492,0.0969404131174088,6.33331298828125,,,,,,,0.1070486754179,2.33334350585938,,,,,,,
,,0.0873376205563545,0.0920628160238266,2.66665649414062,,,,,,,0.155960977077484,13.6666564941406,,,,,,,
,,0.362674474716187,0.0973793268203735,3.66665649414062,,,,,,,0.147468417882919,14.3333435058594,,,,,,,
,,0.123768091201782,0.0910987257957458,3.33331298828125,,,,,,,0.145111262798309,7,,,,,,,
,,0.711005508899689,0.104216001927853,6.33334350585938,,,,,,,0.147802382707596,13,,,,,,,
,,0.153359189629555,0.0657694712281227,1.66665649414062,,,,,,,0.182716280221939,2.33331298828125,,,,,,,
,,0.105527631938457,0.100175455212593,3,,,,,,,0.16347336769104,45.6666870117188,,,,,,,
,,0.347693026065826,0.308942794799805,1,,,,,,,0.0358951538801193,6,,,,,,,
,,0.364700019359589,0.115702167153358,3.66665649414062,,,,,,,0.133044302463531,46,,,,,,,
,,0.0304022561758757,0.0728324428200722,8,,,,,,,0.117314495146275,7,,,,,,,
,,0.16465325653553,0.0582799091935158,7,,,,,,,0.0146439485251904,9,,,,,,,
,,0.0801934078335762,0.0854582488536835,2.33331298828125,,,,,,,0.0213093310594559,32,,,,,,,
,,0.198120892047882,0.111463509500027,4.33331298828125,,,,,,,0.0499920584261417,125.666656494141,,,,,,,
,,0.492301195859909,0.1356500685215,3,,,,,,,0.198234289884567,45.3333129882812,,,,,,,
,,0.161923557519913,0.0693513154983521,2,,,,,,,0.214962884783745,69.3333129882812,,,,,,,
,,0.706463217735291,0.214456260204315,3.66665649414062,,,,,,,0.0878468900918961,16.3333129882812,,,,,,,
,,0.982296407222748,0.197061777114868,5,,,,,,,0.202135100960732,126.333343505859,,,,,,,
,,0.090883657336235,0.0976131111383438,2.33334350585938,,,,,,,0.171179890632629,46.3333435058594,,,,,,,
,,0.044494453817606,0.103943832218647,2.33334350585938,,,,,,,0.109058722853661,27.3333435058594,,,,,,,
,,0.0571359656751156,0.0806297063827515,3,,,,,,,0.192221447825432,8.33331298828125,,,,,,,
,,0.251350045204163,0.111153855919838,2.33334350585938,,,,,,,0.125606328248978,14.3333435058594,,,,,,,
,,0.224778488278389,0.114063322544098,1.66665649414062,,,,,,,0.223636537790298,8,,,,,,,
,,0.249073967337608,0.212126642465591,1,,,,,,,0.23284438252449,5.33334350585938,,,,,,,
,,0.0862034633755684,0.0692077726125717,3.66665649414062,,,,,,,0.134559243917465,49,,,,,,,
,,0.109842382371426,0.0849918872117996,4,,,,,,,0.172161936759949,76.3333435058594,,,,,,,
,,0.359839588403702,0.124627582728863,6,,,,,,,0.167308494448662,2,,,,,,,
,,0.0534606836736202,0.0596102178096771,3.66665649414062,,,,,,,0.0717688202857971,13.3333129882812,,,,,,,
,,0.239946216344833,0.220763981342316,1,,,,,,,0.161519140005112,12.3333435058594,,,,,,,
,,0.0411719791591167,0.0772447288036346,2.66665649414062,,,,,,,0.0786815732717514,18,,,,,,,
,,0.144557476043701,0.159366965293884,1,,,,,,,0.196823000907898,47.3333435058594,,,,,,,
,,0.142605200409889,0.0786782130599022,3.66665649414062,,,,,,,0.083623856306076,9,,,,,,,
,,0.241914883255959,0.22346542775631,1,,,,,,,0.204257994890213,39.6666564941406,,,,,,,
,,0.203348815441132,0.174071103334427,1,,,,,,,0.200434237718582,8,,,,,,,
,,0.859284162521362,0.154474079608917,5.33334350585938,,,,,,,0.216967880725861,20.3333129882812,,,,,,,
,,0.419777601957321,0.126280695199966,4,,,,,,,0.229592546820641,64.3333129882812,,,,,,,
,,0.160240665078163,0.111014790832996,1,,,,,,,0.186185330152512,54.3333435058594,,,,,,,
,,0.379026830196381,0.0714438855648041,5,,,,,,,0.182532787322998,120,,,,,,,
,,0.495805144309998,0.135614633560181,5.66668701171875,,,,,,,0.216406583786011,81.3333129882812,,,,,,,
,,0.206066384911537,0.195139169692993,1,,,,,,,0.0251086615025997,22,,,,,,,
,,0.497109144926071,0.132349818944931,4.33334350585938,,,,,,,0.196616470813751,64.6666564941406,,,,,,,
,,0.133558377623558,0.064402848482132,4.66668701171875,,,,,,,0.236571729183197,47,,,,,,,
,,0.211638405919075,0.206983119249344,1,,,,,,,0.0133795933797956,47.6666564941406,,,,,,,
,,0.357791304588318,0.094241090118885,4,,,,,,,0.252513647079468,81.3333435058594,,,,,,,
,,0.197253778576851,0.128366708755493,3.66668701171875,,,,,,,0.266708105802536,95,,,,,,,
,,0.0467255525290966,0.0772946178913116,2.33334350585938,,,,,,,0.198038429021835,29.6666564941406,,,,,,,
,,0.152839303016663,0.0431239157915115,3.33334350585938,,,,,,,0.210235297679901,5.33331298828125,,,,,,,
,,0.0859640836715698,0.0565048418939114,3,,,,,,,0.188572496175766,28,,,,,,,
,,0.201165109872818,0.164788663387299,1,,,,,,,0.211421549320221,8.33334350585938,,,,,,,
,,0.309426754713058,0.270431309938431,1,,,,,,,0.061641663312912,3.33334350585938,,,,,,,
,,0.188018053770065,0.0728354379534721,2.33334350585938,,,,,,,0.107998169958591,57.3333435058594,,,,,,,
,,0.279533505439758,0.0816168710589409,4.66665649414062,,,,,,,0.0132014565169811,6.33334350585938,,,,,,,
,,0.41673943400383,0.0753970742225647,6,,,,,,,0.214892536401749,36.3333435058594,,,,,,,
,,1.07151627540588,0.178001746535301,6,,,,,,,0.232231825590134,46.3333129882812,,,,,,,
,,0.24208927154541,0.243763834238052,1,,,,,,,0.177264511585236,50.3333435058594,,,,,,,
,,0.0803549066185951,0.124251961708069,2.66668701171875,,,,,,,0.164306133985519,75.6666564941406,,,,,,,
,,0.286578088998795,0.228853791952133,1,,,,,,,0.179835945367813,3.66668701171875,,,,,,,
,,0.0389134287834167,0.0372076854109764,3,,,,,,,0.117579415440559,3.33334350585938,,,,,,,
,,0.336177229881287,0.116732448339462,5,,,,,,,0.122850105166435,10.3333435058594,,,,,,,
,,0.160246089100838,0.0752281248569489,1.66668701171875,,,,,,,0.112193748354912,41,,,,,,,
,,0.41247969865799,0.148515224456787,2.66668701171875,,,,,,,0.13908064365387,46.6666564941406,,,,,,,
,,0.270610809326172,0.233687847852707,1,,,,,,,0.0295084677636623,2,,,,,,,
,,0.243015855550766,0.233987033367157,1,,,,,,,0.15531350672245,24.6666564941406,,,,,,,
,,0.074831023812294,0.069833517074585,2.33334350585938,,,,,,,0.180589646100998,33.3333129882812,,,,,,,
,,0.0320630259811878,0.0544626787304878,2,,,,,,,0.235883802175522,22,,,,,,,
,,0.148290559649467,0.130029767751694,2.66668701171875,,,,,,,0.0475872680544853,14,,,,,,,
,,0.252257406711578,0.233302399516106,1,,,,,,,0.208723619580269,14.6666564941406,,,,,,,
,,0.225861728191376,0.199911445379257,1,,,,,,,0.169089108705521,29.3333435058594,,,,,,,
,,0.537988066673279,0.261742264032364,2.33334350585938,,,,,,,0.159100905060768,38,,,,,,,
,,0.192151293158531,0.114286735653877,3,,,,,,,0.208391338586807,47,,,,,,,
,,0.190426349639893,0.165257915854454,1,,,,,,,0.179544419050217,3.33331298828125,,,,,,,
,,0.105797179043293,0.101818300783634,2.66668701171875,,,,,,,0.0136936875060201,4.33334350585938,,,,,,,
,,0.920055985450745,0.174911171197891,4.66665649414062,,,,,,,0.227679699659348,29.6666564941406,,,,,,,
,,0.282173424959183,0.250619828701019,1,,,,,,,0.212526798248291,131.666687011719,,,,,,,
,,0.167741551995277,0.145338594913483,1,,,,,,,0.21334120631218,124.333343505859,,,,,,,
,,0.174280598759651,0.157924994826317,1,,,,,,,0.0203823316842318,8.66668701171875,,,,,,,
,,0.147305011749268,0.138805836439133,1.66665649414062,,,,,,,0.163735806941986,23.6666870117188,,,,,,,
,,0.152657449245453,0.0781542360782623,3,,,,,,,0.0440127663314342,18,,,,,,,
,,0.234562769532204,0.0896317064762115,2,,,,,,,0.0760021582245827,39.3333435058594,,,,,,,
,,0.171373605728149,0.0818838477134705,2.66668701171875,,,,,,,0.16596557199955,15.6666870117188,,,,,,,
,,0.161165729165077,0.043765015900135,3,,,,,,,0.123267471790314,5,,,,,,,
,,0.113064900040627,0.0812939032912254,4.33334350585938,,,,,,,0.214298129081726,13.3333435058594,,,,,,,
,,0.256053060293198,0.226054728031158,1,,,,,,,0.236533030867577,18.6666870117188,,,,,,,
,,0.0678269267082214,0.135010704398155,2.33334350585938,,,,,,,0.0563620589673519,65.6666564941406,,,,,,,
,,0.328822493553162,0.248431861400604,1,,,,,,,0.155297368764877,2.33334350585938,,,,,,,
,,0.146870404481888,0.126533538103104,1,,,,,,,0.113970413804054,46.6666870117188,,,,,,,
,,0.223965182900429,0.200747430324554,1,,,,,,,0.194868594408035,87.3333129882812,,,,,,,
,,0.242433339357376,0.128078728914261,2,,,,,,,0.191720992326736,29.3333129882812,,,,,,,
,,0.160860732197762,0.0696363896131516,2.33331298828125,,,,,,,0.188049614429474,29,,,,,,,
,,0.0740685164928436,0.103878080844879,2.33331298828125,,,,,,,0.160425841808319,16.3333435058594,,,,,,,
,,0.070494756102562,0.078119233250618,3.33334350585938,,,,,,,0.0581127218902111,19.6666564941406,,,,,,,
,,0.0764113217592239,0.0474191829562187,2.66665649414062,,,,,,,0.219938844442368,47.3333435058594,,,,,,,
,,0.0302310883998871,0.0944183245301247,1.33334350585938,,,,,,,0.163661360740662,29.6666870117188,,,,,,,
,,0.0152234993875027,0.0883783102035522,3,,,,,,,0.199672758579254,2.66665649414062,,,,,,,
,,0.21884498000145,0.185068994760513,1,,,,,,,0.132759749889374,33.6666870117188,,,,,,,
,,0.182679861783981,0.169886216521263,1,,,,,,,0.204404264688492,7,,,,,,,
,,0.248841732740402,0.241326123476028,1,,,,,,,0.019290504977107,43,,,,,,,
,,0.228455573320389,0.211512714624405,1,,,,,,,0.240519866347313,3.66668701171875,,,,,,,
,,0.156330093741417,0.115865722298622,1,,,,,,,0.0180533844977617,4.66665649414062,,,,,,,
,,0.586532831192017,0.125399321317673,3,,,,,,,0.151593863964081,21.6666564941406,,,,,,,
,,0.23864434659481,0.0864983350038528,5.66668701171875,,,,,,,0.181756258010864,65,,,,,,,
,,0.188609197735786,0.147342175245285,2,,,,,,,0.215024441480637,16,,,,,,,
,,0.388583481311798,0.100547596812248,3.33331298828125,,,,,,,0.203566521406174,7.66665649414062,,,,,,,
,,0.173660606145859,0.0931854993104935,4,,,,,,,0.162346988916397,2.66665649414062,,,,,,,
,,0.0497399382293224,0.0973086357116699,1.66668701171875,,,,,,,0.114595010876656,2,,,,,,,
,,0.0443540327250957,0.116686478257179,2,,,,,,,0.152112811803818,2.33334350585938,,,,,,,
,,0.765995383262634,0.157075002789497,4.66668701171875,,,,,,,0.172956377267838,31,,,,,,,
,,0.0774744749069214,0.0784113258123398,2.66668701171875,,,,,,,0.189255878329277,13.3333129882812,,,,,,,
,,0.237572684884071,0.198095858097076,1,,,,,,,0.0810003280639648,24.3333435058594,,,,,,,
,,0.34000501036644,0.127343386411667,3,,,,,,,0.136240452528,71,,,,,,,
,,0.222642570734024,0.133108735084534,4.33334350585938,,,,,,,0.173317670822144,4.33334350585938,,,,,,,
,,0.244826167821884,0.0884809792041779,3,,,,,,,0.213310271501541,67.3333435058594,,,,,,,
,,0.288116931915283,0.130631789565086,1.66668701171875,,,,,,,0.126014322042465,8.33334350585938,,,,,,,
,,1.07767772674561,0.196992129087448,6,,,,,,,0.0230441186577082,28.6666564941406,,,,,,,
,,0.186053872108459,0.165582060813904,1,,,,,,,0.10314254462719,104,,,,,,,
,,0.635789811611176,0.108891911804676,6,,,,,,,0.163071393966675,10.6666564941406,,,,,,,
,,0.262810975313187,0.247123226523399,1,,,,,,,0.239898592233658,39,,,,,,,
,,0.219366565346718,0.105360388755798,3,,,,,,,0.12313948571682,4.66668701171875,,,,,,,
,,0.0278992392122746,0.0968774557113647,2.33334350585938,,,,,,,0.20821239054203,4,,,,,,,
,,0.218382522463799,0.0957405418157578,2.33334350585938,,,,,,,0.0385815054178238,25.6666564941406,,,,,,,
,,0.0717098116874695,0.0804104208946228,2.33334350585938,,,,,,,0.190748706459999,11.6666564941406,,,,,,,
,,0.185077637434006,0.0870677009224892,4,,,,,,,0.230681300163269,5.66665649414062,,,,,,,
,,0.0702824592590332,0.121145233511925,3.33334350585938,,,,,,,0.0344668887555599,11,,,,,,,
,,0.317683011293411,0.283397436141968,1,,,,,,,0.107717238366604,9.66665649414062,,,,,,,
,,0.132081210613251,0.089878112077713,1.66668701171875,,,,,,,0.115675173699856,4.33334350585938,,,,,,,
,,0.248617261648178,0.0988768339157104,3,,,,,,,0.229840263724327,67.3333129882812,,,,,,,
,,0.231929421424866,0.200127333402634,1,,,,,,,0.227834582328796,26.3333435058594,,,,,,,
,,0.332845836877823,0.296091437339783,1,,,,,,,0.178768396377563,4.66665649414062,,,,,,,
,,0.160861149430275,0.114484079182148,3,,,,,,,0.0767810940742493,25,,,,,,,
,,,,,,,,,,,0.0597305707633495,25.3333435058594,,,,,,,
,,,,,,,,,,,0.157210126519203,11.6666564941406,,,,,,,
,,,,,,,,,,,0.141421735286713,25.3333435058594,,,,,,,
,,,,,,,,,,,0.131557941436768,19.6666564941406,,,,,,,
,,,,,,,,,,,0.159098148345947,23.3333435058594,,,,,,,
,,,,,,,,,,,0.151658117771149,30,,,,,,,
,,,,,,,,,,,0.149623543024063,6.66665649414062,,,,,,,
,,,,,,,,,,,0.0109483301639557,7,,,,,,,
,,,,,,,,,,,0.0302011966705322,41,,,,,,,
,,,,,,,,,,,0.185800537467003,4,,,,,,,
,,,,,,,,,,,0.176180094480515,35.3333129882812,,,,,,,
,,,,,,,,,,,0.198368266224861,9,,,,,,,
,,,,,,,,,,,0.140753746032715,15,,,,,,,
,,,,,,,,,,,0.027463536709547,27,,,,,,,
,,,,,,,,,,,0.0390892252326012,13.6666870117188,,,,,,,
,,,,,,,,,,,0.136210858821869,20.3333435058594,,,,,,,
,,,,,,,,,,,0.157497525215149,2,,,,,,,
,,,,,,,,,,,0.169173866510391,28.3333435058594,,,,,,,
,,,,,,,,,,,0.0624592825770378,7.66665649414062,,,,,,,
,,,,,,,,,,,0.0317608788609505,117.666687011719,,,,,,,
,,,,,,,,,,,0.175738751888275,23.6666564941406,,,,,,,
,,,,,,,,,,,0.0141617748886347,34.3333129882812,,,,,,,
,,,,,,,,,,,0.141508907079697,10,,,,,,,
,,,,,,,,,,,0.150641888380051,68.6666564941406,,,,,,,
,,,,,,,,,,,0.0189688466489315,3.66665649414062,,,,,,,
,,,,,,,,,,,0.0551578029990196,15.6666870117188,,,,,,,
,,,,,,,,,,,0.121840350329876,78.3333435058594,,,,,,,
,,,,,,,,,,,0.204686895012856,92.3333435058594,,,,,,,
,,,,,,,,,,,0.121758639812469,3,,,,,,,
,,,,,,,,,,,0.189452916383743,53,,,,,,,
,,,,,,,,,,,0.0615513995289803,16.6666564941406,,,,,,,
,,,,,,,,,,,0.0243781842291355,9.33331298828125,,,,,,,
,,,,,,,,,,,0.174828112125397,10.3333129882812,,,,,,,
,,,,,,,,,,,0.22350138425827,31.6666564941406,,,,,,,
,,,,,,,,,,,0.206373751163483,32.6666870117188,,,,,,,
,,,,,,,,,,,0.179659366607666,39,,,,,,,
,,,,,,,,,,,0.119796022772789,42.6666870117188,,,,,,,
,,,,,,,,,,,0.0147272720932961,49,,,,,,,
,,,,,,,,,,,0.136919781565666,23.6666564941406,,,,,,,
,,,,,,,,,,,0.18359312415123,20.3333129882812,,,,,,,
,,,,,,,,,,,0.210652142763138,73.6666564941406,,,,,,,
,,,,,,,,,,,0.0387656353414059,99,,,,,,,
,,,,,,,,,,,0.227626591920853,3.66665649414062,,,,,,,
,,,,,,,,,,,0.0560537576675415,10,,,,,,,
,,,,,,,,,,,0.107781186699867,19,,,,,,,
,,,,,,,,,,,0.0797511041164398,16.6666870117188,,,,,,,
,,,,,,,,,,,0.0911998897790909,29,,,,,,,
,,,,,,,,,,,0.218117505311966,19,,,,,,,
,,,,,,,,,,,0.163100212812424,5,,,,,,,
,,,,,,,,,,,0.202267944812775,18.3333435058594,,,,,,,
,,,,,,,,,,,0.033016063272953,133.666687011719,,,,,,,
,,,,,,,,,,,0.194106385111809,51.6666564941406,,,,,,,
,,,,,,,,,,,0.196682840585709,9.66665649414062,,,,,,,
,,,,,,,,,,,0.172804176807404,2.66668701171875,,,,,,,
,,,,,,,,,,,0.255826711654663,58.6666564941406,,,,,,,
,,,,,,,,,,,0.21129484474659,3.66665649414062,,,,,,,
,,,,,,,,,,,0.200572550296783,4.33331298828125,,,,,,,
,,,,,,,,,,,0.133672207593918,16.6666870117188,,,,,,,
,,,,,,,,,,,0.192067742347717,64,,,,,,,
,,,,,,,,,,,0.218542635440826,3.33331298828125,,,,,,,
,,,,,,,,,,,0.0209267847239971,13.6666870117188,,,,,,,
,,,,,,,,,,,0.0833484679460526,92,,,,,,,
,,,,,,,,,,,0.207693293690681,40.3333435058594,,,,,,,
,,,,,,,,,,,0.207213521003723,9,,,,,,,
,,,,,,,,,,,0.178104430437088,4.66665649414062,,,,,,,
,,,,,,,,,,,0.179702877998352,38,,,,,,,
,,,,,,,,,,,0.0131797213107347,8.33331298828125,,,,,,,
,,,,,,,,,,,0.175755724310875,8.33331298828125,,,,,,,
,,,,,,,,,,,0.183743804693222,7,,,,,,,
,,,,,,,,,,,0.186200499534607,32.6666564941406,,,,,,,
,,,,,,,,,,,0.172218650579453,6.33334350585938,,,,,,,
,,,,,,,,,,,0.0902628228068352,29.3333435058594,,,,,,,
,,,,,,,,,,,0.169446006417274,56.3333435058594,,,,,,,
,,,,,,,,,,,0.185977041721344,2.66665649414062,,,,,,,
,,,,,,,,,,,0.183656960725784,14.6666564941406,,,,,,,
,,,,,,,,,,,0.207614630460739,2,,,,,,,
,,,,,,,,,,,0.103901579976082,11,,,,,,,
,,,,,,,,,,,0.149352103471756,73.6666564941406,,,,,,,
,,,,,,,,,,,0.187034666538239,3.66665649414062,,,,,,,
,,,,,,,,,,,0.185334086418152,20.6666870117188,,,,,,,
,,,,,,,,,,,0.0500692501664162,16.6666870117188,,,,,,,
,,,,,,,,,,,0.186233878135681,3,,,,,,,
,,,,,,,,,,,0.202129870653152,35.3333129882812,,,,,,,
,,,,,,,,,,,0.220916271209717,6.33331298828125,,,,,,,
,,,,,,,,,,,0.0338468477129936,108.333343505859,,,,,,,
,,,,,,,,,,,0.175256133079529,14.3333435058594,,,,,,,
,,,,,,,,,,,0.0454029515385628,10.6666564941406,,,,,,,
,,,,,,,,,,,0.0845290422439575,32.3333435058594,,,,,,,
,,,,,,,,,,,0.194175541400909,17.6666564941406,,,,,,,
,,,,,,,,,,,0.0407313406467438,11.3333129882812,,,,,,,
,,,,,,,,,,,0.242436155676842,9.33334350585938,,,,,,,
,,,,,,,,,,,0.0222558528184891,21,,,,,,,
,,,,,,,,,,,0.0517114028334618,3.66665649414062,,,,,,,
,,,,,,,,,,,0.199730485677719,13,,,,,,,
,,,,,,,,,,,0.032424058765173,127.666656494141,,,,,,,
,,,,,,,,,,,0.21931403875351,53.6666564941406,,,,,,,
,,,,,,,,,,,0.243855625391006,23.6666564941406,,,,,,,
,,,,,,,,,,,0.215331643819809,2.66665649414062,,,,,,,
,,,,,,,,,,,0.20695436000824,21.6666870117188,,,,,,,
,,,,,,,,,,,0.0584137886762619,22,,,,,,,
,,,,,,,,,,,0.0296496134251356,22.3333435058594,,,,,,,
,,,,,,,,,,,0.153709456324577,80.3333435058594,,,,,,,
,,,,,,,,,,,0.0143967000767589,156.333343505859,,,,,,,
,,,,,,,,,,,0.0853494256734848,92.3333435058594,,,,,,,
,,,,,,,,,,,0.0265556667000055,15.6666564941406,,,,,,,
,,,,,,,,,,,0.208925098180771,49.3333435058594,,,,,,,
,,,,,,,,,,,0.188594371080399,5.33334350585938,,,,,,,
,,,,,,,,,,,0.100175336003304,2.66665649414062,,,,,,,
,,,,,,,,,,,0.0426029041409492,3.33334350585938,,,,,,,
,,,,,,,,,,,0.238301753997803,34,,,,,,,
,,,,,,,,,,,0.203377425670624,20,,,,,,,
,,,,,,,,,,,0.0392343997955322,17.3333129882812,,,,,,,
,,,,,,,,,,,0.143992185592651,22.3333435058594,,,,,,,
,,,,,,,,,,,0.0987490117549896,19,,,,,,,
,,,,,,,,,,,0.249102830886841,33.6666564941406,,,,,,,
,,,,,,,,,,,0.213946744799614,21,,,,,,,
,,,,,,,,,,,0.0511752516031265,69.3333435058594,,,,,,,
,,,,,,,,,,,0.0719219148159027,61.6666564941406,,,,,,,
,,,,,,,,,,,0.203063532710075,36,,,,,,,
,,,,,,,,,,,0.107434637844563,4,,,,,,,
,,,,,,,,,,,0.17273111641407,22.6666870117188,,,,,,,
,,,,,,,,,,,0.163571327924728,20,,,,,,,
,,,,,,,,,,,0.194854855537415,6.33334350585938,,,,,,,
,,,,,,,,,,,0.0234484039247036,61.6666870117188,,,,,,,
,,,,,,,,,,,0.108183681964874,28,,,,,,,
,,,,,,,,,,,0.257170826196671,35.3333129882812,,,,,,,
,,,,,,,,,,,0.212146654725075,13.3333129882812,,,,,,,
,,,,,,,,,,,0.181454867124557,52,,,,,,,
,,,,,,,,,,,0.129116714000702,12.3333435058594,,,,,,,
,,,,,,,,,,,0.168898418545723,56.3333129882812,,,,,,,
,,,,,,,,,,,0.100890129804611,3.66665649414062,,,,,,,
,,,,,,,,,,,0.0299946758896112,40.3333435058594,,,,,,,
,,,,,,,,,,,0.16335329413414,9.66665649414062,,,,,,,
,,,,,,,,,,,0.198901355266571,82,,,,,,,
,,,,,,,,,,,0.0121040493249893,2.66668701171875,,,,,,,
,,,,,,,,,,,0.050346165895462,45.6666564941406,,,,,,,
,,,,,,,,,,,0.184048026800156,14,,,,,,,
,,,,,,,,,,,0.136707648634911,3.33334350585938,,,,,,,
,,,,,,,,,,,0.1763536632061,13.3333129882812,,,,,,,
,,,,,,,,,,,0.206504881381989,2.33334350585938,,,,,,,
,,,,,,,,,,,0.159496992826462,15.6666564941406,,,,,,,
,,,,,,,,,,,0.221655070781708,15.6666564941406,,,,,,,
,,,,,,,,,,,0.0703105330467224,4.33331298828125,,,,,,,
,,,,,,,,,,,0.17261791229248,31.3333435058594,,,,,,,
,,,,,,,,,,,0.131063967943192,46,,,,,,,
,,,,,,,,,,,0.167933911085129,3,,,,,,,
,,,,,,,,,,,0.177788466215134,13.6666564941406,,,,,,,
,,,,,,,,,,,0.133565843105316,25.3333129882812,,,,,,,
,,,,,,,,,,,0.130189180374146,146.666656494141,,,,,,,
,,,,,,,,,,,0.0139447599649429,111.666656494141,,,,,,,
,,,,,,,,,,,0.118252277374268,4,,,,,,,
,,,,,,,,,,,0.0260379333049059,46.3333435058594,,,,,,,
,,,,,,,,,,,0.184197336435318,3,,,,,,,
,,,,,,,,,,,0.059528972953558,5.33334350585938,,,,,,,
,,,,,,,,,,,0.117283970117569,14.3333129882812,,,,,,,
,,,,,,,,,,,0.0579873397946358,34,,,,,,,
,,,,,,,,,,,0.19342765212059,28,,,,,,,
,,,,,,,,,,,0.219417348504066,2,,,,,,,
,,,,,,,,,,,0.166188091039658,49.3333129882812,,,,,,,
,,,,,,,,,,,0.216537028551102,5.33331298828125,,,,,,,
,,,,,,,,,,,0.126158222556114,6,,,,,,,
,,,,,,,,,,,0.15459355711937,10.3333129882812,,,,,,,
,,,,,,,,,,,0.0397096201777458,31,,,,,,,
,,,,,,,,,,,0.0701255351305008,45.6666564941406,,,,,,,
,,,,,,,,,,,0.211288064718246,4,,,,,,,
,,,,,,,,,,,0.035444688051939,72.3333435058594,,,,,,,
,,,,,,,,,,,0.0376493260264397,4,,,,,,,
,,,,,,,,,,,0.166777729988098,10.3333129882812,,,,,,,
,,,,,,,,,,,0.166288048028946,7.66665649414062,,,,,,,
,,,,,,,,,,,0.227737605571747,26.6666870117188,,,,,,,
,,,,,,,,,,,0.202673837542534,3.66665649414062,,,,,,,
,,,,,,,,,,,0.0142995491623878,35.3333129882812,,,,,,,
,,,,,,,,,,,0.184888631105423,7.33334350585938,,,,,,,
,,,,,,,,,,,0.207475870847702,62.6666564941406,,,,,,,
,,,,,,,,,,,0.0167463533580303,40.3333435058594,,,,,,,
,,,,,,,,,,,0.268067121505737,48.3333129882812,,,,,,,
,,,,,,,,,,,0.251854956150055,38.3333435058594,,,,,,,
,,,,,,,,,,,0.204545423388481,39,,,,,,,
,,,,,,,,,,,0.249853581190109,2.33331298828125,,,,,,,
,,,,,,,,,,,0.197348713874817,34.3333435058594,,,,,,,
,,,,,,,,,,,0.0272896327078342,40,,,,,,,
,,,,,,,,,,,0.111719474196434,32.6666564941406,,,,,,,
,,,,,,,,,,,0.196987167000771,26.6666564941406,,,,,,,
,,,,,,,,,,,0.196838587522507,46,,,,,,,
,,,,,,,,,,,0.193253263831139,28.6666564941406,,,,,,,
,,,,,,,,,,,0.0636207610368729,22.3333129882812,,,,,,,
,,,,,,,,,,,0.176255941390991,7.33334350585938,,,,,,,
,,,,,,,,,,,0.205801799893379,20.3333435058594,,,,,,,
,,,,,,,,,,,0.194652378559113,23.3333129882812,,,,,,,
,,,,,,,,,,,0.178329527378082,4.66668701171875,,,,,,,
,,,,,,,,,,,0.188535571098328,34.3333435058594,,,,,,,
,,,,,,,,,,,0.214085727930069,9,,,,,,,
,,,,,,,,,,,0.111222803592682,27.3333435058594,,,,,,,
,,,,,,,,,,,0.196479052305222,94.3333435058594,,,,,,,
,,,,,,,,,,,0.229710340499878,36.6666564941406,,,,,,,
,,,,,,,,,,,0.181876003742218,48,,,,,,,
,,,,,,,,,,,0.201241701841354,2,,,,,,,
,,,,,,,,,,,0.125415563583374,15,,,,,,,
,,,,,,,,,,,0.0624593868851662,38,,,,,,,
,,,,,,,,,,,0.0187927018851042,2,,,,,,,
,,,,,,,,,,,0.208193644881248,9,,,,,,,
,,,,,,,,,,,0.0624561682343483,12,,,,,,,
,,,,,,,,,,,0.172565251588821,7,,,,,,,
,,,,,,,,,,,0.0155522935092449,24.3333435058594,,,,,,,
,,,,,,,,,,,0.0735771507024765,40.6666564941406,,,,,,,
,,,,,,,,,,,0.157842308282852,23,,,,,,,
,,,,,,,,,,,0.209207594394684,29.3333129882812,,,,,,,
,,,,,,,,,,,0.166379183530807,5,,,,,,,
,,,,,,,,,,,0.0713721364736557,25,,,,,,,
,,,,,,,,,,,0.128988280892372,15.6666564941406,,,,,,,
,,,,,,,,,,,0.185873448848724,6,,,,,,,
,,,,,,,,,,,0.263856261968613,15.3333129882812,,,,,,,
,,,,,,,,,,,0.245866984128952,15.6666870117188,,,,,,,
,,,,,,,,,,,0.239953979849815,46.6666564941406,,,,,,,
,,,,,,,,,,,0.0768628790974617,5.33334350585938,,,,,,,
,,,,,,,,,,,0.140574812889099,5.66665649414062,,,,,,,
,,,,,,,,,,,0.0618674159049988,23.3333129882812,,,,,,,
,,,,,,,,,,,0.274345815181732,15.6666870117188,,,,,,,
,,,,,,,,,,,0.0238472409546375,14,,,,,,,
,,,,,,,,,,,0.168387532234192,14,,,,,,,
,,,,,,,,,,,0.10060753673315,8,,,,,,,
,,,,,,,,,,,0.207765460014343,13.6666564941406,,,,,,,
,,,,,,,,,,,0.187654972076416,2.33331298828125,,,,,,,
,,,,,,,,,,,0.0274322479963303,94.6666564941406,,,,,,,
,,,,,,,,,,,0.19316691160202,13.3333129882812,,,,,,,
,,,,,,,,,,,0.0884307697415352,4,,,,,,,
,,,,,,,,,,,0.0438935458660126,28.6666564941406,,,,,,,
,,,,,,,,,,,0.132751762866974,103.333343505859,,,,,,,
,,,,,,,,,,,0.176589637994766,11,,,,,,,
,,,,,,,,,,,0.0646525174379349,3.66665649414062,,,,,,,
,,,,,,,,,,,0.0363571643829346,8.66665649414062,,,,,,,
,,,,,,,,,,,0.115273237228394,63,,,,,,,
,,,,,,,,,,,0.214507043361664,32.3333129882812,,,,,,,
,,,,,,,,,,,0.112043842673302,13,,,,,,,
,,,,,,,,,,,0.215330392122269,60.6666564941406,,,,,,,
,,,,,,,,,,,0.188385277986526,42.3333435058594,,,,,,,
,,,,,,,,,,,0.123553059995174,12.6666564941406,,,,,,,
,,,,,,,,,,,0.0156715288758278,54,,,,,,,
,,,,,,,,,,,0.228131264448166,19.3333129882812,,,,,,,
,,,,,,,,,,,0.218559324741364,58.6666564941406,,,,,,,
,,,,,,,,,,,0.188677430152893,22.3333435058594,,,,,,,
,,,,,,,,,,,0.136330470442772,2.33331298828125,,,,,,,
,,,,,,,,,,,0.159522473812103,23,,,,,,,
,,,,,,,,,,,0.130239605903625,26.6666564941406,,,,,,,
,,,,,,,,,,,0.0989561975002289,10.6666870117188,,,,,,,
,,,,,,,,,,,0.203611582517624,5,,,,,,,
,,,,,,,,,,,0.130557224154472,2.33331298828125,,,,,,,
,,,,,,,,,,,0.0538342259824276,5.66668701171875,,,,,,,
,,,,,,,,,,,0.109363399446011,9.33334350585938,,,,,,,
,,,,,,,,,,,0.189221501350403,3.33334350585938,,,,,,,
,,,,,,,,,,,0.0198988392949104,4,,,,,,,
,,,,,,,,,,,0.188008368015289,90.6666564941406,,,,,,,
,,,,,,,,,,,0.221707701683044,15.3333129882812,,,,,,,
,,,,,,,,,,,0.041892372071743,6,,,,,,,
,,,,,,,,,,,0.161334365606308,11.3333435058594,,,,,,,
,,,,,,,,,,,0.164962753653526,93,,,,,,,
,,,,,,,,,,,0.160576298832893,43,,,,,,,
,,,,,,,,,,,0.0792562812566757,10.3333435058594,,,,,,,
,,,,,,,,,,,0.0882101282477379,28,,,,,,,
,,,,,,,,,,,0.145737394690514,3,,,,,,,
,,,,,,,,,,,0.0321030505001545,16,,,,,,,
,,,,,,,,,,,0.155177742242813,13.6666870117188,,,,,,,
,,,,,,,,,,,0.190811485052109,6.66665649414062,,,,,,,
,,,,,,,,,,,0.213511526584625,55.3333129882812,,,,,,,
,,,,,,,,,,,0.16272509098053,4.66665649414062,,,,,,,
,,,,,,,,,,,0.156290635466576,4.66665649414062,,,,,,,
,,,,,,,,,,,0.183568805456161,3.33334350585938,,,,,,,
,,,,,,,,,,,0.179580688476562,8,,,,,,,
,,,,,,,,,,,0.211432829499245,2.33334350585938,,,,,,,
,,,,,,,,,,,0.178785488009453,35,,,,,,,
,,,,,,,,,,,0.226606547832489,11.6666564941406,,,,,,,
,,,,,,,,,,,0.148293480277061,17.3333129882812,,,,,,,
,,,,,,,,,,,0.151685506105423,17.6666564941406,,,,,,,
,,,,,,,,,,,0.101141706109047,3,,,,,,,
,,,,,,,,,,,0.219790995121002,4.66665649414062,,,,,,,
,,,,,,,,,,,0.0445065423846245,4.33334350585938,,,,,,,
,,,,,,,,,,,0.211617186665535,21,,,,,,,
,,,,,,,,,,,0.218379408121109,5.66665649414062,,,,,,,
,,,,,,,,,,,0.173362523317337,8.66668701171875,,,,,,,
,,,,,,,,,,,0.26040044426918,17,,,,,,,
,,,,,,,,,,,0.24502831697464,4,,,,,,,
,,,,,,,,,,,0.113398119807243,15.3333435058594,,,,,,,
,,,,,,,,,,,0.143612086772919,35,,,,,,,
,,,,,,,,,,,0.225737601518631,23,,,,,,,
,,,,,,,,,,,0.0664146095514297,19,,,,,,,
,,,,,,,,,,,0.184447765350342,40.3333435058594,,,,,,,
,,,,,,,,,,,0.0583334676921368,31.6666870117188,,,,,,,
,,,,,,,,,,,0.173456072807312,24,,,,,,,
,,,,,,,,,,,0.107241161167622,11,,,,,,,
,,,,,,,,,,,0.0195332206785679,6.66665649414062,,,,,,,
,,,,,,,,,,,0.113879233598709,2,,,,,,,
,,,,,,,,,,,0.219276517629623,33.3333435058594,,,,,,,
,,,,,,,,,,,0.150046318769455,10,,,,,,,
,,,,,,,,,,,0.163457185029984,7,,,,,,,
,,,,,,,,,,,0.139190465211868,8,,,,,,,
,,,,,,,,,,,0.182928025722504,53.3333435058594,,,,,,,
,,,,,,,,,,,0.162178725004196,6,,,,,,,
,,,,,,,,,,,0.180143117904663,16,,,,,,,
,,,,,,,,,,,0.0178910791873932,2,,,,,,,
,,,,,,,,,,,0.159437030553818,5.33331298828125,,,,,,,
,,,,,,,,,,,0.138241648674011,3.66665649414062,,,,,,,
,,,,,,,,,,,0.0504154860973358,3.66665649414062,,,,,,,
,,,,,,,,,,,0.102270290255547,62,,,,,,,
,,,,,,,,,,,0.104745134711266,18.3333129882812,,,,,,,
,,,,,,,,,,,0.0789875835180283,36.3333129882812,,,,,,,
,,,,,,,,,,,0.0407267212867737,41.3333129882812,,,,,,,
,,,,,,,,,,,0.159643322229385,43.3333129882812,,,,,,,
,,,,,,,,,,,0.237563669681549,30.6666564941406,,,,,,,
,,,,,,,,,,,0.0374461859464645,15.6666870117188,,,,,,,
,,,,,,,,,,,0.0792215466499329,8.66665649414062,,,,,,,
,,,,,,,,,,,0.228432238101959,32.3333435058594,,,,,,,
,,,,,,,,,,,0.207529366016388,21.3333435058594,,,,,,,
,,,,,,,,,,,0.213060021400452,12.6666870117188,,,,,,,
,,,,,,,,,,,0.129395484924316,33.6666564941406,,,,,,,
,,,,,,,,,,,0.185919791460037,2.33331298828125,,,,,,,
,,,,,,,,,,,0.208119660615921,2.66665649414062,,,,,,,
,,,,,,,,,,,0.0146339628845453,17.3333435058594,,,,,,,
,,,,,,,,,,,0.118261188268661,2,,,,,,,
,,,,,,,,,,,0.202141731977463,13.6666564941406,,,,,,,
,,,,,,,,,,,0.148280307650566,2.66668701171875,,,,,,,
,,,,,,,,,,,0.0691305622458458,8,,,,,,,
,,,,,,,,,,,0.172471314668655,3,,,,,,,
,,,,,,,,,,,0.223008498549461,20,,,,,,,
,,,,,,,,,,,0.0143013410270214,7.33334350585938,,,,,,,
,,,,,,,,,,,0.169866994023323,4.66668701171875,,,,,,,
,,,,,,,,,,,0.0791904032230377,8,,,,,,,
,,,,,,,,,,,0.121305897831917,2.66665649414062,,,,,,,
,,,,,,,,,,,0.139691114425659,22.6666564941406,,,,,,,
,,,,,,,,,,,0.185390174388885,6.66668701171875,,,,,,,
,,,,,,,,,,,0.100142702460289,3,,,,,,,
,,,,,,,,,,,0.219370797276497,13.3333435058594,,,,,,,
,,,,,,,,,,,0.200991541147232,6.33331298828125,,,,,,,
,,,,,,,,,,,0.134306073188782,45.6666564941406,,,,,,,
,,,,,,,,,,,0.126397460699081,2.33334350585938,,,,,,,
,,,,,,,,,,,0.127715960144997,29.6666564941406,,,,,,,
,,,,,,,,,,,0.13409960269928,18.3333129882812,,,,,,,
,,,,,,,,,,,0.202037617564201,9.33334350585938,,,,,,,
,,,,,,,,,,,0.074335977435112,2,,,,,,,
,,,,,,,,,,,0.150759637355804,3,,,,,,,
,,,,,,,,,,,0.169873252511024,2.33331298828125,,,,,,,
,,,,,,,,,,,0.152466624975204,3.66668701171875,,,,,,,
,,,,,,,,,,,0.194868981838226,16.6666564941406,,,,,,,
,,,,,,,,,,,0.0443371310830116,2.33334350585938,,,,,,,
,,,,,,,,,,,0.19644433259964,20.3333435058594,,,,,,,
,,,,,,,,,,,0.154967814683914,3.33334350585938,,,,,,,
,,,,,,,,,,,0.15226536989212,23.3333129882812,,,,,,,
,,,,,,,,,,,0.18289178609848,25.3333435058594,,,,,,,
,,,,,,,,,,,0.178082630038261,28.3333129882812,,,,,,,
,,,,,,,,,,,0.138693913817406,28.6666870117188,,,,,,,
,,,,,,,,,,,0.149497479200363,2.33334350585938,,,,,,,
,,,,,,,,,,,0.0324178114533424,4.66668701171875,,,,,,,
,,,,,,,,,,,0.190752655267715,21.3333435058594,,,,,,,
,,,,,,,,,,,0.199879258871078,6.66665649414062,,,,,,,
,,,,,,,,,,,0.113329470157623,17.3333435058594,,,,,,,
,,,,,,,,,,,0.168205127120018,5.66665649414062,,,,,,,
,,,,,,,,,,,0.209162726998329,19,,,,,,,
,,,,,,,,,,,0.0453676469624043,38.3333435058594,,,,,,,
,,,,,,,,,,,0.227234095335007,9,,,,,,,
,,,,,,,,,,,0.212675333023071,2,,,,,,,
,,,,,,,,,,,0.143823534250259,22,,,,,,,
,,,,,,,,,,,0.172812148928642,4,,,,,,,
,,,,,,,,,,,0.214787036180496,10,,,,,,,
,,,,,,,,,,,0.0301160290837288,16,,,,,,,
,,,,,,,,,,,0.21361631155014,9.33334350585938,,,,,,,
,,,,,,,,,,,0.234913170337677,9.66668701171875,,,,,,,
,,,,,,,,,,,0.019598476588726,15,,,,,,,
,,,,,,,,,,,0.247235804796219,3.33331298828125,,,,,,,
,,,,,,,,,,,0.132784247398376,3.66668701171875,,,,,,,
,,,,,,,,,,,0.137411177158356,4.33331298828125,,,,,,,
,,,,,,,,,,,0.207086771726608,4,,,,,,,
,,,,,,,,,,,0.128666818141937,19.3333435058594,,,,,,,
,,,,,,,,,,,0.127091139554977,16.3333129882812,,,,,,,
,,,,,,,,,,,0.219670563936234,15.3333435058594,,,,,,,
,,,,,,,,,,,0.142169713973999,17,,,,,,,
,,,,,,,,,,,0.175729066133499,25.3333435058594,,,,,,,
,,,,,,,,,,,0.0215853191912174,6.33334350585938,,,,,,,
,,,,,,,,,,,0.245415568351746,2,,,,,,,
,,,,,,,,,,,0.211039334535599,2.33334350585938,,,,,,,
,,,,,,,,,,,0.176822453737259,9,,,,,,,
,,,,,,,,,,,0.196295440196991,4,,,,,,,
,,,,,,,,,,,0.053661622107029,9.33334350585938,,,,,,,
,,,,,,,,,,,0.162249952554703,4.33331298828125,,,,,,,
,,,,,,,,,,,0.187265992164612,9.33331298828125,,,,,,,
,,,,,,,,,,,0.0723653137683868,10.6666870117188,,,,,,,
